ID,Name,Poricoy
1,সালাউদ্দিন কাদের চৌধুরী,সংসদ সদস্য(২০১০)
2,সালাউদ্দিন কাদের চৌধুরী,সাবেক সংসদ সদস্য
3,সালাউদ্দিন কাদের চৌধুরী,সাবেক সংসদ সদস্য
4,সালাউদ্দিন কাদের চৌধুরী,সাবেক সংসদ সদস্য
5,সালাউদ্দিন কাদের চৌধুরী,সাবেক সংসদ সদস্য
6,সালাউদ্দিন কাদের চৌধুরী,সাবেক সংসদ সদস্য
7,সালাউদ্দিন কাদের চৌধুরী,সাবেক সংসদ সদস্য
8,সালাউদ্দিন কাদের চৌধুরী,সাবেক সংসদ সদস্য
9,সালাউদ্দিন কাদের চৌধুরী,সাবেক সংসদ সদস্য
10,সালাউদ্দিন কাদের চৌধুরী,সাবেক সংসদ সদস্য
11,সালাউদ্দিন কাদের চৌধুরী,সাবেক সংসদ সদস্য
12,সালাউদ্দিন কাদের চৌধুরী,সাবেক সংসদ সদস্য
13,সালাউদ্দিন কাদের চৌধুরী,সাবেক সংসদ সদস্য
14,সালাউদ্দিন কাদের চৌধুরী,সাবেক সংসদ সদস্য
15,সালাউদ্দিন কাদের চৌধুরী,সাবেক সংসদ সদস্য
16,সালাউদ্দিন কাদের চৌধুরী,সাবেক সংসদ সদস্য
17,সালাউদ্দিন কাদের চৌধুরী,সাবেক সংসদ সদস্য
18,সালাউদ্দিন কাদের চৌধুরী,সাবেক সংসদ সদস্য
19,সালাউদ্দিন কাদের চৌধুরী,সাবেক সংসদ
20,লুৎফুজ্জামান বাবর,সাবেক স্বরাষ্ট্র মন্ত্রী
